ingrediente_inci,tipo
GLYCOLIC ACID,AHA
LACTIC ACID,AHA
MANDELIC ACID,AHA
SALICYLIC ACID,BHA
CAPRYLOYL SALICYLIC ACID,BHA
RETINOL,Retinoide
RETINAL,Retinoide
TRETINOIN,Retinoide
HYDROXYPINACOLONE RETINOATE,Retinoide
ADAPALENE,Retinoide
ASCORBIC ACID,Vitamina C
ASCORBYL GLUCOSIDE,Vitamina C
ETHYL ASCORBIC ACID,Vitamina C
BENZOYL PEROXIDE,Peróxido de benzoíla
TITANIUM DIOXIDE,Filtro UV
ZINC OXIDE,Filtro UV
ETHYLHEXYL METHOXYCINNAMATE,Filtro UV
BUTYL METHOXYDIBENZOYLMETHANE,Filtro UV
OCTOCRYLENE,Filtro UV
ETHYLHEXYL SALICYLATE,Filtro UV
HOMOSALATE,Filtro UV
ETHYLHEXYL TRIAZONE,Filtro UV
BIS-ETHYLHEXYLOXYPHENOL METHOXYPHENYL TRIAZINE,Filtro UV
DIETHYLAMINO HYDROXYBENZOYL HEXYL BENZOATE,Filtro UV
METHYLENE BIS-BENZOTRIAZOLYL TETRAMETHYLBUTYLPHENOL,Filtro UV
DROMETRIZOLE TRISILOXANE,Filtro UV
TEREPHTHALYLIDENE DICAMPHOR SULFONIC ACID,Filtro UV
PHENYLBENZIMIDAZOLE SULFONIC ACID,Filtro UV
